SifraKupca,Ime,Adresa,PIB,BrTel,Email
1,Trunyx,25 Vera Alley,3061237240,(776) 5544945,ebrookhouse0@nydailynews.com
2,Thoughtsphere,4 Shopko Parkway,8406092645,(953) 9548322,pcoots1@smh.com.au
3,Agivu,85929 Old Shore Lane,3430159202,(717) 4304617,ctidball2@usa.gov
4,Rhycero,63 Anthes Hill,2095344030,(982) 9639761,gsayles3@google.ru
5,Feedfire,48484 Comanche Center,3981008316,(140) 3404117,mstood4@tinyurl.com
6,Oyoba,18158 Nelson Point,4169739728,(177) 4861907,tlangdridge5@omniture.com
7,Aimbo,6 Westend Road,9249536925,(812) 3161687,nheisman6@accuweather.com
8,Meembee,3450 Anthes Terrace,3350147917,(910) 7935673,dgullifant7@sakura.ne.jp
9,Leexo,3045 Arizona Alley,4630115145,(306) 2115872,cblampied8@wiley.com
10,Zooveo,82 Jenifer Hill,1939483166,(816) 9530113,twaghorne9@marketwatch.com
11,Tagcat,25 Hudson Avenue,9657261449,(704) 9284599,reddicotta@bluehost.com
12,Flipopia,4 Amoth Pass,1545085617,(220) 7319414,dengab@webmd.com
13,Jazzy,2565 Armistice Terrace,7821682179,(452) 5142967,ttarpeyc@scientificamerican.com
14,Voolith,43 Westridge Alley,3549915918,(610) 3979578,lchristoforoud@spiegel.de
15,Bubblemix,1 Anthes Plaza,0272061484,(906) 5279051,emusickae@flickr.com
16,Zoozzy,57200 Forster Plaza,2541008554,(224) 4718093,nedmottf@upenn.edu
17,Vipe,35 Warrior Center,5932097116,(602) 6458032,pcaseborneg@prlog.org
18,Browseblab,8 Victoria Drive,8753095111,(547) 1067368,tdursleyh@nbcnews.com
19,Voomm,0005 Butternut Lane,4895188817,(168) 1285169,estoaki@netvibes.com
20,Browseblab,6422 Spohn Plaza,0269394192,(969) 7595769,kcummingsj@wufoo.com
21,Yotz,0446 Crownhardt Hill,0749517220,(343) 9567029,tracinek@forbes.com
22,Linktype,924 Acker Terrace,4419560703,(942) 5666512,cparfettl@google.cn
23,Jaxnation,71 Alpine Circle,8543911214,(190) 3704267,nmartonfim@eventbrite.com
24,Vimbo,73 Randy Park,8045340118,(280) 7777793,csarfassn@answers.com
25,Mydo,31 John Wall Hill,4522163452,(136) 9553301,ycroxtono@vkontakte.ru
26,Yoveo,97 Monument Parkway,1246223287,(189) 7518435,cfortp@livejournal.com
27,Gabtype,7065 Declaration Circle,9029498749,(726) 1164132,jreasceq@ocn.ne.jp
28,Thoughtstorm,78 Hoepker Place,1668314657,(585) 3967597,lrebouletr@dropbox.com
29,Vimbo,650 Sutteridge Crossing,6359665891,(202) 7046035,skleinsmuntzs@ibm.com
30,Blogpad,4597 Dennis Junction,6668564178,(916) 2887299,fellinort@narod.ru
31,Zoonoodle,7 Susan Center,8969810609,(744) 5279702,nclearsu@sina.com.cn
32,Ntags,62248 Sachtjen Place,3087455423,(736) 8101958,danthonyv@devhub.com
33,Skinix,7207 Lerdahl Court,2759541916,(520) 2231323,pmenslerw@boston.com
34,Eare,40 Manitowish Circle,0769543375,(664) 5749908,dmcgowx@skype.com
35,Browsezoom,9771 Northridge Lane,9987616801,(587) 8135580,cburnyatey@wunderground.com
36,Babblestorm,39485 Porter Hill,5167348056,(174) 4451386,etrudez@cargocollective.com
37,Agivu,6569 Vera Parkway,0212849921,(592) 9515486,aaveyard10@blogspot.com
38,Ntag,68 Stuart Way,5059895556,(528) 3174317,rmurrigan11@npr.org
39,Yozio,788 Morningstar Avenue,0666086192,(946) 4280569,mfrift12@theatlantic.com
40,Vipe,5 Hauk Crossing,7025647330,(329) 1157084,omallatratt13@yahoo.co.jp
41,Fliptune,14115 Dunning Pass,6118404941,(494) 1639283,emantle14@alexa.com
42,Tekfly,48064 Bowman Avenue,3008669751,(563) 2545782,fmagovern15@msu.edu
43,Riffwire,204 Summerview Avenue,7011073299,(820) 4755497,fmineghelli16@unesco.org
44,Centimia,5 Dayton Avenue,3554758809,(781) 4905471,ksymonds17@ted.com
45,Divape,455 Carberry Point,0798738049,(758) 6366306,kdrinkale18@constantcontact.com
46,Eimbee,3 Huxley Hill,3326322917,(361) 4904201,dheamus19@soundcloud.com
47,Meemm,0843 Leroy Hill,1904662161,(883) 8728067,cpresswell1a@friendfeed.com
48,Yamia,76 Clarendon Terrace,3381219812,(536) 2286875,rchasmer1b@clickbank.net
49,Eimbee,6 Comanche Hill,8007829571,(102) 2402028,cklimke1c@seesaa.net
50,Tagopia,238 Montana Road,3223932798,(465) 2895035,bmacascaidh1d@house.gov
51,Pixonyx,499 Eagle Crest Junction,3577051914,(702) 6037130,sbonellie1e@unblog.fr
52,Skipfire,997 Hermina Road,0095310207,(773) 7042932,froma1f@soundcloud.com
53,Eire,951 Lukken Parkway,2458299075,(395) 3927025,bheilds1g@hatena.ne.jp
54,Plambee,6873 Spenser Center,3517913499,(416) 1510820,mvanarsdale1h@noaa.gov
55,Rhycero,05093 Leroy Way,6527400144,(314) 1651634,rdunne1i@hexun.com
56,Skynoodle,85921 Hagan Center,5152253674,(261) 4916816,linsley1j@reddit.com
57,Livefish,05 Declaration Center,4376036862,(455) 5166668,drogan1k@marketwatch.com
58,Feedfire,192 Clemons Avenue,3471327770,(905) 8643829,hdanes1l@hexun.com
59,Meetz,5191 Michigan Avenue,9471539137,(503) 8957433,darnald1m@chronoengine.com
60,Babblestorm,4914 Brickson Park Pass,4412750787,(715) 2812116,ccarillo1n@yahoo.co.jp
61,Youtags,882 Bartelt Alley,5993671432,(976) 7127842,nstallan1o@sciencedaily.com
62,Einti,33 Trailsway Avenue,7795159982,(240) 4140044,gchristol1p@ucla.edu
63,Gigaclub,2 Lerdahl Circle,9127385868,(516) 4878445,sbaseley1q@gov.uk
64,Eimbee,6 International Street,5509250941,(611) 6973031,abrummell1r@gravatar.com
65,Zooveo,9 Canary Parkway,4474409698,(337) 7538980,mwoolvett1s@samsung.com
66,Voolia,52 Merrick Avenue,0401690660,(384) 7062280,ebrewett1t@craigslist.org
67,Centizu,3 Golf View Alley,1497247977,(940) 4678013,ggiraudo1u@sogou.com
68,Riffpath,301 Shelley Lane,2088659595,(126) 8803939,cbartoleyn1v@oakley.com
69,Demivee,8091 Moland Pass,1772998559,(289) 3586731,rcriple1w@ibm.com
70,Jabbercube,653 Alpine Way,0175969051,(129) 1130282,aadlem1x@51.la
71,Youspan,07785 Sloan Road,7528270733,(306) 1282919,ocolkett1y@google.cn
72,Avamba,71357 Melody Way,3310246337,(738) 6762426,hvellacott1z@paypal.com
73,Demimbu,9319 Atwood Plaza,3701683824,(233) 3309779,pbrands20@barnesandnoble.com
74,Devcast,55 Mcbride Avenue,3403484955,(832) 8940563,cbroader21@census.gov
75,Centimia,48137 Lunder Place,4875935560,(253) 2901386,rmallya22@fastcompany.com
76,Skaboo,83 Maywood Pass,2710427117,(903) 8578963,afrench23@dailymail.co.uk
77,Camimbo,2995 Tomscot Alley,6747848780,(166) 2904508,gshirlaw24@nyu.edu
78,Jabberstorm,99473 Hanson Place,8904238528,(310) 8315875,tpiche25@artisteer.com
79,Quinu,17 Twin Pines Alley,1079640681,(528) 3346328,dherreran26@smugmug.com
80,Janyx,066 Everett Parkway,1017120099,(712) 8282033,egallaher27@google.com.br
81,Yabox,8 Redwing Place,2579724745,(143) 6912824,fbleakman28@eepurl.com
82,Youbridge,36795 Arkansas Drive,3011212082,(343) 6972070,dcoy29@nationalgeographic.com
83,Kazu,0 Merry Court,7916841223,(267) 7713632,mrogeron2a@home.pl
84,Feednation,9470 Nevada Park,6821812691,(508) 8785228,wslocombe2b@buzzfeed.com
85,Aibox,2306 Jackson Place,1332368115,(872) 3547309,cjealous2c@latimes.com
86,Meemm,19 Ridgeway Circle,2788032544,(802) 9872761,cheaney2d@mac.com
87,Reallinks,6744 Pierstorff Street,7491453902,(914) 6195134,sfavel2e@meetup.com
88,Fiveclub,31564 Beilfuss Pass,1969587725,(963) 1004680,ryedy2f@meetup.com
89,Rooxo,9 Anzinger Trail,5934555170,(803) 3324295,jabbots2g@cisco.com
90,Abata,5142 Surrey Center,6243172880,(479) 5221144,csaggs2h@webs.com
91,Thoughtbridge,868 Corry Park,1713300265,(126) 9782911,aodougherty2i@engadget.com
92,Kwinu,2 Tony Plaza,0098213229,(229) 5831963,ldowson2j@wufoo.com
93,Shuffledrive,30 Fairfield Junction,1246480751,(207) 6871838,mjerson2k@yandex.ru
94,Linklinks,0873 Stuart Avenue,1957508574,(141) 2703564,gcrowch2l@usa.gov
95,Topicblab,42 Delladonna Street,7361293050,(362) 5836002,jtutchener2m@booking.com
96,Quimm,40 Coleman Park,0459123300,(565) 2560090,abruckental2n@sakura.ne.jp
97,Edgeblab,8 Derek Place,1285226917,(362) 3916314,gduffrie2o@t.co
98,Tagcat,03767 Valley Edge Terrace,2387588649,(624) 7778273,cburnet2p@tiny.cc
99,Mudo,7 Clove Trail,0822084910,(249) 4468975,ecattroll2q@gmpg.org
100,Jabbertype,4 Claremont Pass,7005152085,(283) 4964652,kdudmarsh2r@merriam-webster.com
